setup,run_id,generation,fitness,diversity
Experimento 4: Balanceado,1,0,0.8888837583363056,0.010790022494262032
Experimento 4: Balanceado,1,1,0.8893442869186401,0.008947093226520512
Experimento 4: Balanceado,1,2,0.8908860631287098,0.007176312093960308
Experimento 4: Balanceado,1,3,0.8919655978679657,0.00566097214432844
Experimento 4: Balanceado,1,4,0.8958985969424248,0.0054996671209781075
Experimento 4: Balanceado,1,5,0.901478661596775,0.00363710921963521
Experimento 4: Balanceado,1,6,0.9025064423680306,0.004521793493559363
Experimento 4: Balanceado,1,7,0.9025873102247715,0.004590890273052845
Experimento 4: Balanceado,1,8,0.9027722053229809,0.004657459125279655
Experimento 4: Balanceado,1,9,0.9037834025919438,0.003435115777981187
Experimento 4: Balanceado,1,10,0.9055376701056957,0.004428361539301001
Experimento 4: Balanceado,1,11,0.9088866472244262,0.003343714058437526
Experimento 4: Balanceado,1,12,0.9174859419465065,0.004145100138752054
Experimento 4: Balanceado,1,13,0.9175930939614773,0.004390274744016635
Experimento 4: Balanceado,1,14,0.9181819774210453,0.004832730467002435
Experimento 4: Balanceado,1,15,0.918845309317112,0.0043970098924079664
Experimento 4: Balanceado,1,16,0.9183490507304668,0.0032616460759389274
Experimento 4: Balanceado,1,17,0.9186514832079411,0.0029469169581413266
Experimento 4: Balanceado,1,18,0.9186741426587105,0.0030983254631741196
Experimento 4: Balanceado,1,19,0.9192676551640033,0.0023115054992236574
Experimento 4: Balanceado,1,20,0.9204755894839763,0.0017892944672445541
Experimento 4: Balanceado,1,21,0.9202370688319206,0.0012340723401340246
Experimento 4: Balanceado,1,22,0.9207949213683605,0.0013269014580316446
Experimento 4: Balanceado,1,23,0.9220266424119472,0.0012592046477338025
Experimento 4: Balanceado,1,24,0.9244695872068405,0.001723036370746979
Experimento 4: Balanceado,1,25,0.924368143826723,0.0022191761072208075
Experimento 4: Balanceado,1,26,0.924322284758091,0.0038043258146373397
Experimento 4: Balanceado,1,27,0.9246594600379467,0.0016803877568379734
Experimento 4: Balanceado,1,28,0.9246413990855217,0.0015038215825186841
Experimento 4: Balanceado,1,29,0.9248236514627933,0.0014279869155325899
Experimento 4: Balanceado,1,30,0.9258150491863489,0.0016065145763560806
Experimento 4: Balanceado,1,31,0.9258150491863489,0.001706846612934793
Experimento 4: Balanceado,1,32,0.926028585806489,0.0014883963427077358
Experimento 4: Balanceado,1,33,0.9260633192956448,0.0012887809282028863
Experimento 4: Balanceado,1,34,0.9273382522165775,0.0017321767152778213
Experimento 4: Balanceado,1,35,0.9280234221369028,0.0014427623974084807
Experimento 4: Balanceado,1,36,0.9284171752631665,0.002132956621344424
Experimento 4: Balanceado,1,37,0.9284601394087076,0.0018609361440960041
Experimento 4: Balanceado,1,38,0.9285552922636271,0.0014987340480773748
Experimento 4: Balanceado,1,39,0.9292251519858837,0.001354672919225342
Experimento 4: Balanceado,1,40,0.9293638419359922,0.0013257345023390459
Experimento 4: Balanceado,1,41,0.9298432968556881,0.0015432906646302375
Experimento 4: Balanceado,1,42,0.9296359624713659,0.000931341151893925
Experimento 4: Balanceado,1,43,0.9309250887483358,0.0010019518593258642
Experimento 4: Balanceado,1,44,0.930309247970581,0.0013039825817847829
Experimento 4: Balanceado,1,45,0.9301664583384991,0.0011890423030700432
Experimento 4: Balanceado,1,46,0.9318481784313917,0.001153394726245193
Experimento 4: Balanceado,1,47,0.9318481784313917,0.0010773396922944128
Experimento 4: Balanceado,1,48,0.9320401277393102,0.001252756253544216
Experimento 4: Balanceado,1,49,0.9320604231208562,0.0015143199259717334
Experimento 4: Balanceado,1,50,0.9321945440024137,0.0013791625029168073
Experimento 4: Balanceado,1,51,0.9328030060976744,0.0017568252575809835
Experimento 4: Balanceado,1,52,0.93315574452281,0.001316965785471355
Experimento 4: Balanceado,1,53,0.9335804235190153,0.0013517697448214223
Experimento 4: Balanceado,1,54,0.9342087708413601,0.0012640020328433487
Experimento 4: Balanceado,1,55,0.933417672291398,0.0010988513840552827
Experimento 4: Balanceado,1,56,0.9334224574267864,0.0020390073122604304
Experimento 4: Balanceado,1,57,0.9337151780724525,0.0011847612778009785
Experimento 4: Balanceado,1,58,0.9341042261570692,0.0010961104352850202
Experimento 4: Balanceado,1,59,0.9342326704412699,0.0013512109397576793
Experimento 4: Balanceado,1,60,0.9347524285316468,0.0014148752815990422
Experimento 4: Balanceado,1,61,0.9349171087145806,0.001105487291310849
Experimento 4: Balanceado,1,62,0.9350831687450409,0.0017135666175531758
Experimento 4: Balanceado,1,63,0.9353414252400398,0.001248428344027148
Experimento 4: Balanceado,1,64,0.93547539152205,0.0012528250513186806
Experimento 4: Balanceado,1,65,0.9355316583067179,0.0011142723078460112
Experimento 4: Balanceado,1,66,0.9355831313878298,0.0011394780551691227
Experimento 4: Balanceado,1,67,0.9348304037004709,0.0010562781425654966
Experimento 4: Balanceado,1,68,0.9350684251636266,0.0012696555847535125
Experimento 4: Balanceado,1,69,0.9351730104535818,0.001212410367147575
Experimento 4: Balanceado,1,70,0.9359188884496689,0.0012810783260099455
Experimento 4: Balanceado,1,71,0.9353047888725996,0.0010909505725416456
Experimento 4: Balanceado,1,72,0.9359535787254571,0.0011533444477270151
Experimento 4: Balanceado,1,73,0.93612608499825,0.0010776989902252729
Experimento 4: Balanceado,1,74,0.9360720068216324,0.001586270476339428
Experimento 4: Balanceado,1,75,0.9360206875950098,0.001052229141988274
Experimento 4: Balanceado,1,76,0.936560082435608,0.0014510748426498714
Experimento 4: Balanceado,1,77,0.9366966340690851,0.0012630280771247589
Experimento 4: Balanceado,1,78,0.936824768409133,0.002272802379916766
Experimento 4: Balanceado,1,79,0.9378455661237239,0.001523461102703323
Experimento 4: Balanceado,1,80,0.9381872318685055,0.0014720438258961218
Experimento 4: Balanceado,1,81,0.9394428353756666,0.001730463313217775
Experimento 4: Balanceado,1,82,0.9389578882604838,0.0018779514284524032
Experimento 4: Balanceado,1,83,0.9386385310441255,0.001596806245887795
Experimento 4: Balanceado,1,84,0.9386488161981106,0.0018799042728573712
Experimento 4: Balanceado,1,85,0.9388556130230427,0.0014609834885045215
Experimento 4: Balanceado,1,86,0.938541341573,0.0010240096986708386
Experimento 4: Balanceado,1,87,0.9393630936741829,0.0011927298658688074
Experimento 4: Balanceado,1,88,0.9396344523876905,0.001126483484064314
Experimento 4: Balanceado,1,89,0.9398918874561787,0.0016716726670177751
Experimento 4: Balanceado,1,90,0.9398918874561787,0.001225011632338576
Experimento 4: Balanceado,1,91,0.9396135229617357,0.0011533204475271367
Experimento 4: Balanceado,1,92,0.9397854972630739,0.0013821061043318443
Experimento 4: Balanceado,1,93,0.9396205626428127,0.0010452007262745108
Experimento 4: Balanceado,1,94,0.9400527320802212,0.0011908422015732727
Experimento 4: Balanceado,1,95,0.9401760417968035,0.001349895516083374
Experimento 4: Balanceado,1,96,0.9403684820979834,0.001202839080760122
Experimento 4: Balanceado,1,97,0.9413257613778114,0.0019046979068836525
Experimento 4: Balanceado,1,98,0.9412210721522569,0.0019511684703354413
Experimento 4: Balanceado,1,99,0.9413902424275875,0.0014344620989946118
Experimento 4: Balanceado,1,100,0.9418426796793937,0.0016333797453715133
Experimento 4: Balanceado,1,101,0.9413792993873358,0.0014074544864658594
Experimento 4: Balanceado,1,102,0.9413792993873358,0.0018980383844359957
Experimento 4: Balanceado,1,103,0.9415388997644186,0.001296343994600187
Experimento 4: Balanceado,1,104,0.9415388997644186,0.00095112283771101
Experimento 4: Balanceado,1,105,0.9427137579768896,0.0021404750033604055
Experimento 4: Balanceado,1,106,0.9422785438597202,0.0011920170173869043
Experimento 4: Balanceado,1,107,0.9421126462519169,0.001432955315199294
Experimento 4: Balanceado,1,108,0.942339251562953,0.0016840841431107767
Experimento 4: Balanceado,1,109,0.9421487491577863,0.0010547835781747133
Experimento 4: Balanceado,1,110,0.9439326945692301,0.0013973353719538713
Experimento 4: Balanceado,1,111,0.9439307060092688,0.0017453849515602575
Experimento 4: Balanceado,1,112,0.9427734736353159,0.0012291019733026414
Experimento 4: Balanceado,1,113,0.9431286815553903,0.0015938524811566438
Experimento 4: Balanceado,1,114,0.9435188122093677,0.0017364611025011303
Experimento 4: Balanceado,1,115,0.9440088827162981,0.001260540782958084
Experimento 4: Balanceado,1,116,0.9436837494373321,0.0010729624037607963
Experimento 4: Balanceado,1,117,0.9440067883580923,0.0012424896337634066
Experimento 4: Balanceado,1,118,0.9447940357029438,0.0008686513960751853
Experimento 4: Balanceado,1,119,0.9448096167296172,0.0010604129841720773
Experimento 4: Balanceado,1,120,0.9448938392102718,0.002817414311346279
Experimento 4: Balanceado,1,121,0.9448389161378146,0.0012015754457692875
Experimento 4: Balanceado,1,122,0.9449348118156194,0.0011916075928921593
Experimento 4: Balanceado,1,123,0.9452591527253389,0.0012077320281278317
Experimento 4: Balanceado,1,124,0.9451390516012907,0.001076164940141723
Experimento 4: Balanceado,1,125,0.9452786233276129,0.00132204644311636
Experimento 4: Balanceado,1,126,0.9452911090105772,0.0013569236856897098
Experimento 4: Balanceado,1,127,0.9453163925558329,0.0009509768734439801
Experimento 4: Balanceado,1,128,0.9450458332896232,0.0010957804420503748
Experimento 4: Balanceado,1,129,0.9451279159635305,0.0014780260302224306
Experimento 4: Balanceado,1,130,0.9463438432663679,0.0011787177093970885
Experimento 4: Balanceado,1,131,0.9461422525346279,0.003582147947668666
Experimento 4: Balanceado,1,132,0.9459302835166454,0.0014732735748983594
Experimento 4: Balanceado,1,133,0.946087783575058,0.0014974925183547044
Experimento 4: Balanceado,1,134,0.946143901720643,0.0017871172960054228
Experimento 4: Balanceado,1,135,0.9462963081896305,0.0013159934316462547
Experimento 4: Balanceado,1,136,0.9460113387554884,0.0013636821752837686
Experimento 4: Balanceado,1,137,0.9463397201150656,0.0012864405994479687
Experimento 4: Balanceado,1,138,0.9469800211489201,0.0008957660275477922
Experimento 4: Balanceado,1,139,0.9469837214797735,0.0012717012347555937
Experimento 4: Balanceado,1,140,0.9471071399748325,0.0012273264587269353
Experimento 4: Balanceado,1,141,0.9471267722547054,0.0014390853813652747
Experimento 4: Balanceado,1,142,0.9473636075854301,0.0010885231799405287
Experimento 4: Balanceado,1,143,0.9476582944393158,0.0010572859647263186
Experimento 4: Balanceado,1,144,0.9473789412528276,0.0011587401680024493
Experimento 4: Balanceado,1,145,0.9480168234556914,0.001500960934454259
Experimento 4: Balanceado,1,146,0.9478238459676505,0.0013510383247648495
Experimento 4: Balanceado,1,147,0.9478238459676505,0.0010053474620381753
Experimento 4: Balanceado,1,148,0.9475228145718575,0.0009117831022238499
Experimento 4: Balanceado,1,149,0.9474062282592058,0.0011234374662415806
Experimento 4: Balanceado,1,150,0.9478430017828942,0.000747287331593956
Experimento 4: Balanceado,1,151,0.9483147580176592,0.003022729464052531
Experimento 4: Balanceado,1,152,0.9483147580176592,0.0017142395961721076
Experimento 4: Balanceado,1,153,0.9487630549818278,0.0013476068540341209
Experimento 4: Balanceado,1,154,0.9484016750007868,0.0010482799632839984
Experimento 4: Balanceado,1,155,0.9485443316400051,0.0010977272655213316
Experimento 4: Balanceado,1,156,0.9486073315143585,0.0015174676600917937
Experimento 4: Balanceado,1,157,0.948687395453453,0.0011811262716094968
Experimento 4: Balanceado,1,158,0.9487296584993601,0.0017072336985445057
Experimento 4: Balanceado,1,159,0.9494008265435696,0.0010568481735401215
Experimento 4: Balanceado,1,160,0.9494352180510759,0.0009762105536721902
Experimento 4: Balanceado,1,161,0.9495175316929817,0.001281576035021486
Experimento 4: Balanceado,1,162,0.949557288736105,0.0020847619755054005
Experimento 4: Balanceado,1,163,0.9495676014572382,0.003293912715292662
Experimento 4: Balanceado,1,164,0.9496644373983145,0.0013295297088854027
Experimento 4: Balanceado,1,165,0.9499298360198736,0.0011601160180548867
Experimento 4: Balanceado,1,166,0.9499186914414167,0.0009605971492787783
Experimento 4: Balanceado,1,167,0.9499875765293837,0.0012160522088009416
Experimento 4: Balanceado,1,168,0.9499456454068422,0.0015347022974722207
Experimento 4: Balanceado,1,169,0.9502591148018837,0.0017566778758860994
Experimento 4: Balanceado,2,0,0.8877985619008542,0.013569107105718218
Experimento 4: Balanceado,2,1,0.8953803919255734,0.010562124912504293
Experimento 4: Balanceado,2,2,0.8982318051159381,0.011153348777890489
Experimento 4: Balanceado,2,3,0.8987309336662292,0.009022077684134596
Experimento 4: Balanceado,2,4,0.9006358690559864,0.00864664454994481
Experimento 4: Balanceado,2,5,0.9006992936134338,0.006380327465707729
Experimento 4: Balanceado,2,6,0.9033804118633271,0.0049314532112837385
Experimento 4: Balanceado,2,7,0.903964851796627,0.0034436836559650057
Experimento 4: Balanceado,2,8,0.9045060180127621,0.0023685988264298824
Experimento 4: Balanceado,2,9,0.9044625245034694,0.002204423710489841
Experimento 4: Balanceado,2,10,0.9061707451939582,0.002182582539539981
Experimento 4: Balanceado,2,11,0.9069398149847985,0.0017229836641192407
Experimento 4: Balanceado,2,12,0.9074314251542092,0.0013552681928003507
Experimento 4: Balanceado,2,13,0.9076420649886131,0.001307529537849904
Experimento 4: Balanceado,2,14,0.9083301894366741,0.0015070994533927962
Experimento 4: Balanceado,2,15,0.9083301894366741,0.001971431919653047
Experimento 4: Balanceado,2,16,0.9083301894366741,0.0017162475259452747
Experimento 4: Balanceado,2,17,0.9089807137846947,0.0014984390213203284
Experimento 4: Balanceado,2,18,0.9092871889472007,0.0007177322385897163
Experimento 4: Balanceado,2,19,0.9108515605330467,0.0011996087920151186
Experimento 4: Balanceado,2,20,0.9119971394538879,0.0013981147091352232
Experimento 4: Balanceado,2,21,0.9125407300889492,0.00154525374608567
Experimento 4: Balanceado,2,22,0.9111461505293846,0.0011188083259721694
Experimento 4: Balanceado,2,23,0.9113219976425171,0.0012039985918818003
Experimento 4: Balanceado,2,24,0.9120236448943615,0.001444879553909642
Experimento 4: Balanceado,2,25,0.913239485770464,0.001527176436592882
Experimento 4: Balanceado,2,26,0.9158725939691067,0.0017290985855645373
Experimento 4: Balanceado,2,27,0.9149567931890488,0.0020957394845253006
Experimento 4: Balanceado,2,28,0.9155600212514401,0.0020006398099838914
Experimento 4: Balanceado,2,29,0.9156985484063626,0.0014701300805227825
Experimento 4: Balanceado,2,30,0.9158923327922821,0.0017234676371080317
Experimento 4: Balanceado,2,31,0.9173112817108631,0.0018451235860835972
Experimento 4: Balanceado,2,32,0.9173357203602791,0.0015824753702220742
Experimento 4: Balanceado,2,33,0.9171822123229504,0.001522016568264069
Experimento 4: Balanceado,2,34,0.9181857794523239,0.0015297552926745535
Experimento 4: Balanceado,2,35,0.9195879161357879,0.0016661656948068343
Experimento 4: Balanceado,2,36,0.9198980048298836,0.001856376557649954
Experimento 4: Balanceado,2,37,0.9207592077553273,0.0016866274593785797
Experimento 4: Balanceado,2,38,0.920626313239336,0.0018257474213208198
Experimento 4: Balanceado,2,39,0.9222973771393299,0.001474664648279252
Experimento 4: Balanceado,2,40,0.9234878487884999,0.0013103001390163441
Experimento 4: Balanceado,2,41,0.9234538465738297,0.0020629231095749567
Experimento 4: Balanceado,2,42,0.9240738347172737,0.0018518888601355165
Experimento 4: Balanceado,2,43,0.9240091782063246,0.0017814075859116146
Experimento 4: Balanceado,2,44,0.9237287245690823,0.0018686096758903205
Experimento 4: Balanceado,2,45,0.9231023952364922,0.001566913103278869
Experimento 4: Balanceado,2,46,0.9238528802990913,0.0015082618912628325
Experimento 4: Balanceado,2,47,0.9250764083117247,0.0022526608974509357
Experimento 4: Balanceado,2,48,0.9255320839583874,0.0017667876347367511
Experimento 4: Balanceado,2,49,0.9257741019129753,0.0017468618730352569
Experimento 4: Balanceado,2,50,0.9257661290466785,0.0022484524498953312
Experimento 4: Balanceado,2,51,0.9259602148085833,0.0013002659040797153
Experimento 4: Balanceado,2,52,0.9267673999071121,0.001465029537298017
Experimento 4: Balanceado,2,53,0.9267603907734155,0.001378081656716042
Experimento 4: Balanceado,2,54,0.9268852610141038,0.00129997690100281
Experimento 4: Balanceado,2,55,0.9268852610141038,0.0011848952338958524
Experimento 4: Balanceado,2,56,0.9271029300987721,0.0010564266315135624
Experimento 4: Balanceado,2,57,0.9271517761051655,0.0012892064843694243
Experimento 4: Balanceado,2,58,0.927590760588646,0.0012152722048954152
Experimento 4: Balanceado,2,59,0.9280130852013826,0.0011441320343641248
Experimento 4: Balanceado,2,60,0.9281252138316631,0.0013403416756399764
Experimento 4: Balanceado,2,61,0.9287361670285463,0.0013629984067195385
Experimento 4: Balanceado,2,62,0.9287361670285463,0.0014293383316194782
Experimento 4: Balanceado,2,63,0.9282679073512554,0.0014083990276153916
Experimento 4: Balanceado,2,64,0.9286049265414477,0.0012157497794427926
Experimento 4: Balanceado,2,65,0.9287296570837498,0.0008694181648659522
Experimento 4: Balanceado,2,66,0.9289935141801834,0.0009249341729608805
Experimento 4: Balanceado,2,67,0.9293001562356948,0.0010316216796841852
Experimento 4: Balanceado,2,68,0.929759231582284,0.0010591557068822836
Experimento 4: Balanceado,2,69,0.9293228816241026,0.000855279157581657
Experimento 4: Balanceado,2,70,0.9295030228793622,0.0010991542460515934
Experimento 4: Balanceado,2,71,0.929546931013465,0.0011552218172998208
Experimento 4: Balanceado,2,72,0.9299719750881195,0.001239936845267336
Experimento 4: Balanceado,2,73,0.9304212756454945,0.0010493132044312873
Experimento 4: Balanceado,2,74,0.9303733572363854,0.0023680574829071177
Experimento 4: Balanceado,2,75,0.9308119848370552,0.0017031897866193232
Experimento 4: Balanceado,2,76,0.9319219786673785,0.0013293970868834412
Experimento 4: Balanceado,2,77,0.9325839262455702,0.0017355712486201787
Experimento 4: Balanceado,2,78,0.9325839262455702,0.0021350848987025956
Experimento 4: Balanceado,2,79,0.9325848676264286,0.0014049169281914707
Experimento 4: Balanceado,2,80,0.9326717972755432,0.0011834460450712947
Experimento 4: Balanceado,2,81,0.9328565530478954,0.0012780428498280776
Experimento 4: Balanceado,2,82,0.9324462652206421,0.0023161890246834577
Experimento 4: Balanceado,2,83,0.9328805163502694,0.0021494948964325194
Experimento 4: Balanceado,2,84,0.932628408446908,0.001098959393304123
Experimento 4: Balanceado,2,85,0.9329171266406775,0.0010825854812746118
Experimento 4: Balanceado,2,86,0.9327014442533255,0.0012524673113294552
Experimento 4: Balanceado,2,87,0.9334643308073283,0.001194151649190968
Experimento 4: Balanceado,2,88,0.9334318045526743,0.0016905252092074298
Experimento 4: Balanceado,2,89,0.933806411549449,0.0014002753826170967
Experimento 4: Balanceado,2,90,0.933806411549449,0.0016109702687259542
Experimento 4: Balanceado,2,91,0.9341498412191868,0.0024233651440606924
Experimento 4: Balanceado,2,92,0.9340816102921963,0.0010889193359359072
Experimento 4: Balanceado,2,93,0.9343349598348141,0.001327793333158156
Experimento 4: Balanceado,2,94,0.9348934039473533,0.001605777125510339
Experimento 4: Balanceado,2,95,0.9344295799732208,0.0010006731377253204
Experimento 4: Balanceado,2,96,0.9345469802618027,0.0012101631760681546
Experimento 4: Balanceado,2,97,0.9353488113731145,0.0012089067383062352
Experimento 4: Balanceado,2,98,0.9353261858224868,0.0008911392258638534
Experimento 4: Balanceado,2,99,0.935578877851367,0.0010193969709036447
Experimento 4: Balanceado,2,100,0.9357392482459546,0.0015492658796620942
Experimento 4: Balanceado,2,101,0.9358741082251072,0.001402196734140619
Experimento 4: Balanceado,2,102,0.9359278962016105,0.0012406042330289032
Experimento 4: Balanceado,2,103,0.9360253240913152,0.0015321641646097205
Experimento 4: Balanceado,2,104,0.9358467932790517,0.0008611195518679597
Experimento 4: Balanceado,2,105,0.9369132243096828,0.0008534638566763514
Experimento 4: Balanceado,2,106,0.9367886886000634,0.0014980420893019593
Experimento 4: Balanceado,2,107,0.936988627910614,0.001100657642880849
Experimento 4: Balanceado,2,108,0.9368269987404346,0.0008797390659208439
Experimento 4: Balanceado,2,109,0.9367879878729581,0.0009798272132503511
Experimento 4: Balanceado,2,110,0.9382314067333937,0.001355421862101322
Experimento 4: Balanceado,2,111,0.9369802091270685,0.0009630914391295203
Experimento 4: Balanceado,2,112,0.9370096683502197,0.0013490018239049727
Experimento 4: Balanceado,2,113,0.9371383488178253,0.0011364475912001711
Experimento 4: Balanceado,2,114,0.9374599631875753,0.0012855140673753438
Experimento 4: Balanceado,2,115,0.9379187908023596,0.0011320159135603564
Experimento 4: Balanceado,2,116,0.9377793107181788,0.0012106676832124308
Experimento 4: Balanceado,2,117,0.9379656054079533,0.0021325646574969098
Experimento 4: Balanceado,2,118,0.938489481061697,0.0013710505684264376
Experimento 4: Balanceado,2,119,0.9389337360858917,0.001542419227411883
Experimento 4: Balanceado,2,120,0.93900834210217,0.001460950435157612
Experimento 4: Balanceado,2,121,0.93900834210217,0.0013755230260104369
Experimento 4: Balanceado,2,122,0.9390908852219582,0.0011247615134905525
Experimento 4: Balanceado,2,123,0.9396975874900818,0.0019331586758325927
Experimento 4: Balanceado,2,124,0.9399825248867273,0.0011461781217682453
Experimento 4: Balanceado,2,125,0.9400323905050755,0.00146289333191541
Experimento 4: Balanceado,2,126,0.9399996776133775,0.0011786430506366629
Experimento 4: Balanceado,2,127,0.9401662718504668,0.0019284492048440378
Experimento 4: Balanceado,2,128,0.9402099780738353,0.0014099278754391691
Experimento 4: Balanceado,2,129,0.9402777258306741,0.0013475273039664187
Experimento 4: Balanceado,2,130,0.9405781097710133,0.001790892680693513
Experimento 4: Balanceado,2,131,0.9406770247966051,0.002235405516187563
Experimento 4: Balanceado,2,132,0.9406770247966051,0.001533131075489187
Experimento 4: Balanceado,2,133,0.941170197352767,0.0014375916194552618
Experimento 4: Balanceado,2,134,0.9410590406507253,0.0016885872582466128
Experimento 4: Balanceado,2,135,0.9416652832180261,0.001552034720612949
Experimento 4: Balanceado,2,136,0.9412327308207751,0.0014859178585766308
Experimento 4: Balanceado,2,137,0.9412883769720792,0.0013458859804613423
Experimento 4: Balanceado,2,138,0.9412883769720792,0.0015714835952312931
Experimento 4: Balanceado,2,139,0.9415224209427834,0.0009851166537633812
Experimento 4: Balanceado,2,140,0.9418397754430771,0.0009521707313066719
Experimento 4: Balanceado,2,141,0.9415875568985939,0.0020880130830012405
Experimento 4: Balanceado,2,142,0.9418829947710037,0.001188221691462861
Experimento 4: Balanceado,2,143,0.9417464524507523,0.0008260861106980585
Experimento 4: Balanceado,2,144,0.941783282160759,0.0009082265565294865
Experimento 4: Balanceado,2,145,0.9421258311718702,0.0008683462961906224
Experimento 4: Balanceado,2,146,0.9416124954819679,0.0021572733217267736
Experimento 4: Balanceado,2,147,0.9418150473386049,0.0009574598258675201
Experimento 4: Balanceado,2,148,0.9416595049202442,0.00111832208103672
Experimento 4: Balanceado,2,149,0.9422147136181593,0.0011724672539998625
Experimento 4: Balanceado,2,150,0.942202115058899,0.0011812947295838571
Experimento 4: Balanceado,2,151,0.9427212055772543,0.0013613857825274672
Experimento 4: Balanceado,2,152,0.9427212055772543,0.0011787445858254752
Experimento 4: Balanceado,2,153,0.9422454115003347,0.0029479251480353055
Experimento 4: Balanceado,2,154,0.9422384385019541,0.0024248031784588862
Experimento 4: Balanceado,2,155,0.9422384385019541,0.001974976051775434
Experimento 4: Balanceado,2,156,0.9428188621997833,0.00153675683734843
Experimento 4: Balanceado,2,157,0.942732148244977,0.0024921856047161067
Experimento 4: Balanceado,2,158,0.9429273493587971,0.0011042687644317614
Experimento 4: Balanceado,2,159,0.9427530519664288,0.0012675946219733547
Experimento 4: Balanceado,2,160,0.9433019634336233,0.0016811695242701916
Experimento 4: Balanceado,2,161,0.943040917813778,0.0010956392120505566
Experimento 4: Balanceado,2,162,0.9428431324660778,0.0018622936816808482
Experimento 4: Balanceado,2,163,0.9431621104478836,0.002449978945017076
Experimento 4: Balanceado,2,164,0.9429192453622818,0.0011835676152500676
Experimento 4: Balanceado,2,165,0.9428711637854577,0.001994976832624203
Experimento 4: Balanceado,2,166,0.9440002616494894,0.0020049476314257103
Experimento 4: Balanceado,2,167,0.9431327026337385,0.0009545097583740823
Experimento 4: Balanceado,2,168,0.9428862378001213,0.0008323231536564818
Experimento 4: Balanceado,2,169,0.943821856752038,0.0009925862136537522
Experimento 4: Balanceado,2,170,0.9437748905271292,0.0010396985735468827
Experimento 4: Balanceado,2,171,0.9437748905271292,0.0010019395442528844
Experimento 4: Balanceado,2,172,0.9437662452459336,0.0029177587000387977
Experimento 4: Balanceado,2,173,0.9439857453107834,0.0015851523869429651
Experimento 4: Balanceado,2,174,0.9459714967757463,0.0011129087848507817
Experimento 4: Balanceado,2,175,0.9443878784775734,0.0015625598541324241
Experimento 4: Balanceado,2,176,0.9443419259041548,0.0019034111385207535
Experimento 4: Balanceado,2,177,0.9452025312930346,0.0013512700572227076
Experimento 4: Balanceado,2,178,0.9452785346657038,0.0014049594583586246
Experimento 4: Balanceado,2,179,0.9453067727386951,0.0013480113112373483
Experimento 4: Balanceado,2,180,0.9454362273216248,0.0014651818829843452
Experimento 4: Balanceado,2,181,0.945257556438446,0.0010691369433709675
Experimento 4: Balanceado,2,182,0.9451214149594307,0.00119890465315985
Experimento 4: Balanceado,2,183,0.9458823777735234,0.001370798321786681
Experimento 4: Balanceado,2,184,0.9459360759705305,0.002014120289462668
Experimento 4: Balanceado,2,185,0.9465547569096089,0.0012016829484947924
Experimento 4: Balanceado,2,186,0.9458331875503063,0.0011702244872722014
Experimento 4: Balanceado,2,187,0.9466939326375723,0.002116202496670622
Experimento 4: Balanceado,2,188,0.9461238902062178,0.0013165510899616202
Experimento 4: Balanceado,2,189,0.9462706483900547,0.001451369715187759
Experimento 4: Balanceado,2,190,0.9471483070403337,0.0016473160782856338
Experimento 4: Balanceado,2,191,0.9469397597014904,0.0018640318662719317
Experimento 4: Balanceado,2,192,0.9471583280712366,0.0014269438639556865
Experimento 4: Balanceado,2,193,0.9472471728920937,0.002355413984173354
Experimento 4: Balanceado,2,194,0.9472618117928505,0.0013531267246882272
Experimento 4: Balanceado,2,195,0.9479547880589962,0.0015387332532180143
Experimento 4: Balanceado,2,196,0.9481845449656248,0.00179083805480605
Experimento 4: Balanceado,2,197,0.9481845449656248,0.0012932411874304025
Experimento 4: Balanceado,2,198,0.9481845449656248,0.00116260501719337
Experimento 4: Balanceado,2,199,0.9483752574771642,0.0011449151900123273
Experimento 4: Balanceado,2,200,0.9485238019376994,0.002433328942180234
Experimento 4: Balanceado,2,201,0.9482330586761236,0.0017656594213120947
Experimento 4: Balanceado,2,202,0.9482330586761236,0.0009823460717152486
Experimento 4: Balanceado,2,203,0.9482330586761236,0.0009359279435215683
Experimento 4: Balanceado,2,204,0.9484677001833915,0.0011263387904762352
Experimento 4: Balanceado,2,205,0.9480918318033218,0.0012947986096935992
Experimento 4: Balanceado,2,206,0.9480918318033218,0.0011410369656803996
Experimento 4: Balanceado,2,207,0.9480121847242117,0.0012371128489043152
Experimento 4: Balanceado,2,208,0.9485212072730065,0.0010727390119581617
Experimento 4: Balanceado,2,209,0.9482057344168424,0.0025676164824502017
Experimento 4: Balanceado,2,210,0.9486885517835617,0.0018792491362376394
Experimento 4: Balanceado,2,211,0.9489904120564461,0.0032696622295247
Experimento 4: Balanceado,2,212,0.9489904120564461,0.0011336056243989882
Experimento 4: Balanceado,2,213,0.9489904120564461,0.0024779527264870913
Experimento 4: Balanceado,2,214,0.9490440882742405,0.0012399195583248854
Experimento 4: Balanceado,2,215,0.9490646705031395,0.001529180847859677
Experimento 4: Balanceado,2,216,0.9492386933416128,0.0013000257644169679
Experimento 4: Balanceado,2,217,0.9494804624468088,0.001552171859600546
Experimento 4: Balanceado,2,218,0.9495061628520489,0.0010244973757869947
Experimento 4: Balanceado,2,219,0.9495753675699234,0.0010476181183413805
Experimento 4: Balanceado,2,220,0.9495753675699234,0.001364439492253847
Experimento 4: Balanceado,2,221,0.949732743576169,0.003484998018250966
Experimento 4: Balanceado,2,222,0.9496074099093675,0.0015137402333260538
Experimento 4: Balanceado,2,223,0.9496160075068474,0.0013166685429488259
Experimento 4: Balanceado,2,224,0.9496513448655606,0.0016025339477603552
Experimento 4: Balanceado,2,225,0.9494888674467802,0.0013860843301247451
Experimento 4: Balanceado,2,226,0.9495428308844567,0.0019250218655098518
Experimento 4: Balanceado,2,227,0.9497331775724888,0.003463983389026025
Experimento 4: Balanceado,2,228,0.9497331775724888,0.0015785774258585837
Experimento 4: Balanceado,2,229,0.9491839725524187,0.0015199447314409532
Experimento 4: Balanceado,2,230,0.9491872504353523,0.0009041322584972793
Experimento 4: Balanceado,2,231,0.9493954628705978,0.0015661733256124321
Experimento 4: Balanceado,2,232,0.9497443951666356,0.000820460532912887
Experimento 4: Balanceado,2,233,0.9499870538711548,0.0011584003375718923
Experimento 4: Balanceado,2,234,0.950520072132349,0.003476365118939755
Experimento 4: Balanceado,3,0,0.8908131681382656,0.013191748432291199
Experimento 4: Balanceado,3,1,0.8863957554101944,0.006730131154823599
Experimento 4: Balanceado,3,2,0.8886270061135292,0.005600166571867224
Experimento 4: Balanceado,3,3,0.8959216363728046,0.006915939247709977
Experimento 4: Balanceado,3,4,0.9006774954497814,0.006855098733634472
Experimento 4: Balanceado,3,5,0.9001495636999607,0.006407765352941196
Experimento 4: Balanceado,3,6,0.9102949298918247,0.0071241790247541185
Experimento 4: Balanceado,3,7,0.9127216100692749,0.006868802836970448
Experimento 4: Balanceado,3,8,0.9136613860726357,0.007918219137096106
Experimento 4: Balanceado,3,9,0.9131823867559433,0.007288016047301422
Experimento 4: Balanceado,3,10,0.9138834245502949,0.005526856688782319
Experimento 4: Balanceado,3,11,0.9138823956251144,0.004922711630915897
Experimento 4: Balanceado,3,12,0.9140892118215561,0.0033257235030092025
Experimento 4: Balanceado,3,13,0.9144223749637603,0.0020189605839408737
Experimento 4: Balanceado,3,14,0.9143654577434063,0.0013490944252108341
Experimento 4: Balanceado,3,15,0.9149495750665665,0.0012129316575458127
Experimento 4: Balanceado,3,16,0.9153436712920666,0.0012045101612913895
Experimento 4: Balanceado,3,17,0.9162078477442265,0.001132014529212256
Experimento 4: Balanceado,3,18,0.9158156357705594,0.0010849607700061197
Experimento 4: Balanceado,3,19,0.9174984969198704,0.0010088414424525062
Experimento 4: Balanceado,3,20,0.9184697233140469,0.0014496715510170233
Experimento 4: Balanceado,3,21,0.9187762983143329,0.001499107071041979
Experimento 4: Balanceado,3,22,0.9194796212017536,0.0018440746662899677
Experimento 4: Balanceado,3,23,0.9194796212017536,0.00130393320175149
Experimento 4: Balanceado,3,24,0.9194207094609738,0.001218843761972771
Experimento 4: Balanceado,3,25,0.9199209712445736,0.0010564867814498423
Experimento 4: Balanceado,3,26,0.9207392081618309,0.0022540904992349726
Experimento 4: Balanceado,3,27,0.921399200707674,0.0010352068842727944
Experimento 4: Balanceado,3,28,0.921399200707674,0.0013292073888345496
Experimento 4: Balanceado,3,29,0.9222734265029431,0.0017604110167651068
Experimento 4: Balanceado,3,30,0.9223354600369931,0.0013154786923550142
Experimento 4: Balanceado,3,31,0.9231689020991325,0.001844280206645769
Experimento 4: Balanceado,3,32,0.9242217168211937,0.0014315792816649647
Experimento 4: Balanceado,3,33,0.9240391723811626,0.0012298100697953522
Experimento 4: Balanceado,3,34,0.9239223957061767,0.0011150264705548061
Experimento 4: Balanceado,3,35,0.9239223957061767,0.001542412984435265
Experimento 4: Balanceado,3,36,0.924314308166504,0.0011103051271687905
Experimento 4: Balanceado,3,37,0.925386630743742,0.0011778648946897713
Experimento 4: Balanceado,3,38,0.9247265227138997,0.001432522722367462
Experimento 4: Balanceado,3,39,0.9263384833931922,0.0012245808818071835
Experimento 4: Balanceado,3,40,0.926927350461483,0.0033352600991357717
Experimento 4: Balanceado,3,41,0.9270399197936058,0.0013633088991040782
Experimento 4: Balanceado,3,42,0.9275472678244114,0.0014487879914817673
Experimento 4: Balanceado,3,43,0.9273631140589714,0.0015233562355798712
Experimento 4: Balanceado,3,44,0.9279570952057838,0.003507077747411165
Experimento 4: Balanceado,3,45,0.9276977367699146,0.0013150272764257823
Experimento 4: Balanceado,3,46,0.9275893218815326,0.001227010396679148
Experimento 4: Balanceado,3,47,0.9281146310269832,0.0012379227046361778
Experimento 4: Balanceado,3,48,0.9284094840288162,0.0009186991498658683
Experimento 4: Balanceado,3,49,0.9281070433557034,0.0012157225138653722
Experimento 4: Balanceado,3,50,0.9281499810516834,0.001485563298918645
Experimento 4: Balanceado,3,51,0.928171506524086,0.0026828924941164627
Experimento 4: Balanceado,3,52,0.9282163381576538,0.0011888738574735236
Experimento 4: Balanceado,3,53,0.9284466989338398,0.0008992372394969699
Experimento 4: Balanceado,3,54,0.9295812949538231,0.0009706365992068501
Experimento 4: Balanceado,3,55,0.9289520598948002,0.0007315435704382832
Experimento 4: Balanceado,3,56,0.9291276700794697,0.0013885133657730849
Experimento 4: Balanceado,3,57,0.9290186919271946,0.0007909590133785035
Experimento 4: Balanceado,3,58,0.9290863007307053,0.003751436198155035
Experimento 4: Balanceado,3,59,0.9296551465988159,0.001160259409302533
Experimento 4: Balanceado,3,60,0.9296551465988159,0.0008359803067932876
Experimento 4: Balanceado,3,61,0.9301047660410404,0.0009779525778960865
Experimento 4: Balanceado,3,62,0.9303706340491772,0.0010963217990145023
Experimento 4: Balanceado,3,63,0.9300478033721447,0.0025558640948077603
Experimento 4: Balanceado,3,64,0.9302021056413651,0.0010042348884853362
Experimento 4: Balanceado,3,65,0.9301127262413502,0.0011092977551498875
Experimento 4: Balanceado,3,66,0.9303190566599369,0.0009115537387409622
Experimento 4: Balanceado,3,67,0.9315372638404369,0.000968372394962628
Experimento 4: Balanceado,3,68,0.9311110056936741,0.0010038987132073103
Experimento 4: Balanceado,3,69,0.93348837941885,0.0014506214640733455
Experimento 4: Balanceado,3,70,0.9310908153653145,0.0011312272385298953
Experimento 4: Balanceado,3,71,0.9314623109996318,0.0011126970096839847
Experimento 4: Balanceado,3,72,0.9317582998424768,0.0008763251163498229
Experimento 4: Balanceado,3,73,0.9317582998424768,0.0009758099293534658
Experimento 4: Balanceado,3,74,0.93175945058465,0.0034151776364914725
Experimento 4: Balanceado,3,75,0.9317778460681438,0.0009902028361211852
Experimento 4: Balanceado,3,76,0.9320264354348182,0.0011332643444773634
Experimento 4: Balanceado,3,77,0.9321523625403643,0.001013073536244253
Experimento 4: Balanceado,3,78,0.9322957333177329,0.0012791940722033865
Experimento 4: Balanceado,3,79,0.9326518815010786,0.001244313239137945
Experimento 4: Balanceado,3,80,0.9331634171307087,0.0011602757990852326
Experimento 4: Balanceado,3,81,0.9333462707698346,0.001215555465563378
Experimento 4: Balanceado,3,82,0.9333462707698346,0.0009897180846819961
Experimento 4: Balanceado,3,83,0.9337136231362819,0.0014971854779071811
Experimento 4: Balanceado,3,84,0.9340276956558228,0.003554392159243563
Experimento 4: Balanceado,3,85,0.9343744438141585,0.001022176595003219
Experimento 4: Balanceado,3,86,0.9343868374824524,0.0011044001553629549
Experimento 4: Balanceado,3,87,0.9350035104900598,0.001340651709124619
Experimento 4: Balanceado,3,88,0.9350429635494948,0.0012699062113363
Experimento 4: Balanceado,3,89,0.9353131111711264,0.0009162616927274624
Experimento 4: Balanceado,3,90,0.9354692697525024,0.001579463758088391
Experimento 4: Balanceado,3,91,0.9356217309832573,0.0011297231314031072
Experimento 4: Balanceado,3,92,0.9357431620359421,0.0010561142939139942
Experimento 4: Balanceado,3,93,0.9361689209938049,0.004579253788739873
Experimento 4: Balanceado,3,94,0.9364926401525736,0.0009514561743730175
Experimento 4: Balanceado,3,95,0.9368044897913933,0.0007481414904092111
Experimento 4: Balanceado,3,96,0.9369228772819043,0.0007670173992474653
Experimento 4: Balanceado,3,97,0.9373839695006609,0.0009659106826816153
Experimento 4: Balanceado,3,98,0.9379127290099859,0.0013049718553996494
Experimento 4: Balanceado,3,99,0.9375341173261404,0.0008346606741850173
Experimento 4: Balanceado,3,100,0.9379402611404657,0.0010023685138896155
Experimento 4: Balanceado,3,101,0.938294256106019,0.0012365934918394618
Experimento 4: Balanceado,3,102,0.938084852695465,0.0013877041381664189
Experimento 4: Balanceado,3,103,0.9382621705532074,0.0009468368037193397
Experimento 4: Balanceado,3,104,0.9383562710136175,0.0007282914350748579
Experimento 4: Balanceado,3,105,0.9387568447738885,0.0035953158208509276
Experimento 4: Balanceado,3,106,0.9383915774524212,0.002143372983033419
Experimento 4: Balanceado,3,107,0.9383847050368785,0.003774001386755052
Experimento 4: Balanceado,3,108,0.9386284355074167,0.0007526247017694609
Experimento 4: Balanceado,3,109,0.9397705346345901,0.0009622203027257291
Experimento 4: Balanceado,3,110,0.9401520241051913,0.0010115886049842037
Experimento 4: Balanceado,3,111,0.940458494797349,0.000960184546027919
Experimento 4: Balanceado,3,112,0.9402348071336746,0.0009215194139211842
Experimento 4: Balanceado,3,113,0.9403806488960982,0.0009961207333593544
Experimento 4: Balanceado,3,114,0.9408216569572687,0.0008682516332390796
Experimento 4: Balanceado,3,115,0.941487830504775,0.0008256803861040881
Experimento 4: Balanceado,3,116,0.9424630552530289,0.0010095749325416935
Experimento 4: Balanceado,3,117,0.9430277395993472,0.0010949133436020152
Experimento 4: Balanceado,3,118,0.9433694165199995,0.0010719714470379406
Experimento 4: Balanceado,3,119,0.9437369804829359,0.0015702072652441642
Experimento 4: Balanceado,3,120,0.9438723053783178,0.0009425150101178382
Experimento 4: Balanceado,3,121,0.943745469301939,0.0007519840997237151
Experimento 4: Balanceado,3,122,0.9444049187004566,0.001214027458667993
Experimento 4: Balanceado,3,123,0.9444020096212625,0.002462841299851628
Experimento 4: Balanceado,3,124,0.9441024389117956,0.0008389582847984356
Experimento 4: Balanceado,3,125,0.9446962371468544,0.0009249969354534249
Experimento 4: Balanceado,3,126,0.9450580950826406,0.0012603178161631526
Experimento 4: Balanceado,3,127,0.945215118676424,0.0019906312610662134
Experimento 4: Balanceado,3,128,0.9454499173909425,0.0013165532822570112
Experimento 4: Balanceado,3,129,0.946005379036069,0.0009757513956938953
Experimento 4: Balanceado,3,130,0.946099330112338,0.0011000682901661748
Experimento 4: Balanceado,3,131,0.9466987330466509,0.0009418041669978849
Experimento 4: Balanceado,3,132,0.946714709699154,0.000911747978788661
Experimento 4: Balanceado,3,133,0.9469595864415169,0.0010905115064618936
Experimento 4: Balanceado,3,134,0.9466416474431754,0.001297639308790199
Experimento 4: Balanceado,3,135,0.9469922807067632,0.0010112446263465073
Experimento 4: Balanceado,3,136,0.9471176993101835,0.0008511669878219763
Experimento 4: Balanceado,3,137,0.9473873872309924,0.0014914910778921532
Experimento 4: Balanceado,3,138,0.9487224508076906,0.001011195379208455
Experimento 4: Balanceado,3,139,0.9489255625754595,0.0010839688970221137
Experimento 4: Balanceado,3,140,0.9490225810557604,0.0010495137361697239
Experimento 4: Balanceado,3,141,0.9492783289402723,0.001351068386047451
Experimento 4: Balanceado,3,142,0.9490139417350292,0.0010984788447241033
Experimento 4: Balanceado,3,143,0.9493783667683602,0.0011968319886285523
Experimento 4: Balanceado,3,144,0.9494357496500015,0.0009559902698322373
Experimento 4: Balanceado,3,145,0.9488309279084206,0.0011246527238199069
Experimento 4: Balanceado,3,146,0.9498510472476482,0.0009581293766881597
Experimento 4: Balanceado,3,147,0.9499226026237011,0.0010836372850050687
Experimento 4: Balanceado,3,148,0.9500496402382851,0.0009974799350211082
Experimento 4: Balanceado,4,0,0.9033098585903645,0.01258395607307499
Experimento 4: Balanceado,4,1,0.9036499939858913,0.01186273260358217
Experimento 4: Balanceado,4,2,0.9035668998956681,0.011219424036717596
Experimento 4: Balanceado,4,3,0.9038446448743344,0.01022153444888413
Experimento 4: Balanceado,4,4,0.9035412207245826,0.008372602660356864
Experimento 4: Balanceado,4,5,0.9074066177010536,0.008361424203599779
Experimento 4: Balanceado,4,6,0.9074244640767575,0.00799692667182329
Experimento 4: Balanceado,4,7,0.9078146368265152,0.006898470488337895
Experimento 4: Balanceado,4,8,0.9078146368265152,0.004113825479280606
Experimento 4: Balanceado,4,9,0.9078146368265152,0.001473540276471338
Experimento 4: Balanceado,4,10,0.9079892419278621,0.0016324913501598913
Experimento 4: Balanceado,4,11,0.9102210164070129,0.0022281981681717446
Experimento 4: Balanceado,4,12,0.9103330597281456,0.0018371470093019346
Experimento 4: Balanceado,4,13,0.9106617093086242,0.0015954615979689726
Experimento 4: Balanceado,4,14,0.9107735715806484,0.0013148639988064435
Experimento 4: Balanceado,4,15,0.9119987182319165,0.0018636318286792209
Experimento 4: Balanceado,4,16,0.9124255768954754,0.0014840343867960114
Experimento 4: Balanceado,4,17,0.9127315081655979,0.0012542844663910697
Experimento 4: Balanceado,4,18,0.9128472827374935,0.002072161029743153
Experimento 4: Balanceado,4,19,0.9133132494986057,0.0012185318810062694
Experimento 4: Balanceado,4,20,0.9137236155569554,0.001117680632168418
Experimento 4: Balanceado,4,21,0.91416205316782,0.0011007410056795414
Experimento 4: Balanceado,4,22,0.9153991281986237,0.0012076958558984816
Experimento 4: Balanceado,4,23,0.9151456147432327,0.0010243658335736998
Experimento 4: Balanceado,4,24,0.916102546453476,0.0011449831359138735
Experimento 4: Balanceado,4,25,0.9155307151377201,0.0008974845053130086
Experimento 4: Balanceado,4,26,0.9157987356185913,0.0012956365422883873
Experimento 4: Balanceado,4,27,0.9159676402807235,0.0023649509230316036
Experimento 4: Balanceado,4,28,0.9162169687449933,0.0011999424185558949
Experimento 4: Balanceado,4,29,0.916952020674944,0.0011163721973251853
Experimento 4: Balanceado,4,30,0.917072594165802,0.0017429645220402472
Experimento 4: Balanceado,4,31,0.9172046080231666,0.0012605050739658958
Experimento 4: Balanceado,4,32,0.9175206899642945,0.0009733919624834444
Experimento 4: Balanceado,4,33,0.918210706114769,0.001023254823873062
Experimento 4: Balanceado,4,34,0.9177914433181286,0.0012730773608540088
Experimento 4: Balanceado,4,35,0.9179926536977291,0.0008861311513806746
Experimento 4: Balanceado,4,36,0.9184120483696461,0.0009003830329502467
Experimento 4: Balanceado,4,37,0.9190392829477787,0.001391943885976883
Experimento 4: Balanceado,4,38,0.9190565802156925,0.0014348216338774548
Experimento 4: Balanceado,4,39,0.9193311475217343,0.001260281278471302
Experimento 4: Balanceado,4,40,0.9196175098419189,0.0011791144414255161
Experimento 4: Balanceado,4,41,0.9195458598434925,0.001855535704416275
Experimento 4: Balanceado,4,42,0.9200325727462768,0.0014151422499405393
Experimento 4: Balanceado,4,43,0.9205303259193898,0.0016112816841315062
Experimento 4: Balanceado,4,44,0.9196020260453224,0.0013711078398971363
Experimento 4: Balanceado,4,45,0.9202409788966179,0.0011775498135434869
Experimento 4: Balanceado,4,46,0.9202869415283204,0.0012984566472433628
Experimento 4: Balanceado,4,47,0.9200225487351418,0.0010461427166243596
Experimento 4: Balanceado,4,48,0.9206623017787934,0.0010432739834040708
Experimento 4: Balanceado,4,49,0.9204894632101059,0.0011568291033593697
Experimento 4: Balanceado,4,50,0.9207589976489544,0.0009290609218538868
Experimento 4: Balanceado,4,51,0.9222474135458469,0.001003698287873383
Experimento 4: Balanceado,4,52,0.9230704136192799,0.0012575713619953635
Experimento 4: Balanceado,4,53,0.9226585410535335,0.002666230267258298
Experimento 4: Balanceado,4,54,0.9228731177747249,0.001291382020558117
Experimento 4: Balanceado,4,55,0.9227327026426793,0.001387697439871065
Experimento 4: Balanceado,4,56,0.9228278145194053,0.0012104428030921088
Experimento 4: Balanceado,4,57,0.922819834947586,0.001822922299366614
Experimento 4: Balanceado,4,58,0.9236828662455082,0.0013719316623812202
Experimento 4: Balanceado,4,59,0.9238301672041416,0.0011700294122338841
Experimento 4: Balanceado,4,60,0.9241570048034191,0.0009698119742371519
Experimento 4: Balanceado,4,61,0.924677561968565,0.0016579791291509377
Experimento 4: Balanceado,4,62,0.9233660288155079,0.0009066837569138286
Experimento 4: Balanceado,4,63,0.9233660288155079,0.0012744109229083417
Experimento 4: Balanceado,4,64,0.9241095915436744,0.0015088769427568608
Experimento 4: Balanceado,4,65,0.9237231269478798,0.0010669765856320765
Experimento 4: Balanceado,4,66,0.9239639952778816,0.0009567917464777128
Experimento 4: Balanceado,4,67,0.9242552123963833,0.0009346026477725235
Experimento 4: Balanceado,4,68,0.9252408593893051,0.0012633180103283227
Experimento 4: Balanceado,4,69,0.9256931707262993,0.0011960682272941568
Experimento 4: Balanceado,4,70,0.9264067336916924,0.001242310877698478
Experimento 4: Balanceado,4,71,0.9261888667941094,0.0025399082296884393
Experimento 4: Balanceado,4,72,0.9268128752708436,0.001553156459035759
Experimento 4: Balanceado,4,73,0.9274044662714005,0.0014605755216602326
Experimento 4: Balanceado,4,74,0.9280247546732425,0.0011651705354620678
Experimento 4: Balanceado,4,75,0.928022650629282,0.001136099734846964
Experimento 4: Balanceado,4,76,0.9284823343157769,0.0013980603026900896
Experimento 4: Balanceado,4,77,0.9294107258319855,0.0010612010259872992
Experimento 4: Balanceado,4,78,0.9305643394589425,0.001704815371785342
Experimento 4: Balanceado,4,79,0.9304201647639274,0.0013311550446663402
Experimento 4: Balanceado,4,80,0.929963044077158,0.0013715751319125947
Experimento 4: Balanceado,4,81,0.9307929441332817,0.0012780134971541834
Experimento 4: Balanceado,4,82,0.9307608593255281,0.0026506976484518756
Experimento 4: Balanceado,4,83,0.9307608593255281,0.001166595322589061
Experimento 4: Balanceado,4,84,0.9314822733402253,0.0012973755374150438
Experimento 4: Balanceado,4,85,0.9320450473576785,0.0016322135912320995
Experimento 4: Balanceado,4,86,0.9323714468628168,0.0029213383794437333
Experimento 4: Balanceado,4,87,0.9329305224120616,0.0014724531987123344
Experimento 4: Balanceado,4,88,0.9331220999360085,0.0012253726767800575
Experimento 4: Balanceado,4,89,0.9347775220870972,0.001953375638323339
Experimento 4: Balanceado,4,90,0.9340043228119612,0.0006943272169290937
Experimento 4: Balanceado,4,91,0.9334000941365957,0.0011866489162357834
Experimento 4: Balanceado,4,92,0.9341106161475181,0.0017064848610938146
Experimento 4: Balanceado,4,93,0.9341852735728026,0.0012145419493571731
Experimento 4: Balanceado,4,94,0.9343615282326937,0.0010137853310973508
Experimento 4: Balanceado,4,95,0.9345368579030037,0.0013418434760165887
Experimento 4: Balanceado,4,96,0.9344117347151041,0.0012054360136806404
Experimento 4: Balanceado,4,97,0.9347593229264021,0.0011144913942633889
Experimento 4: Balanceado,4,98,0.9348105415701866,0.0010303015406783642
Experimento 4: Balanceado,4,99,0.9352030929177999,0.0010534112032301078
Experimento 4: Balanceado,4,100,0.9352745927870274,0.0010141380977183756
Experimento 4: Balanceado,4,101,0.9354475367814302,0.0009276330941457903
Experimento 4: Balanceado,4,102,0.9353601705282927,0.001230757321724341
Experimento 4: Balanceado,4,103,0.9353314846754074,0.0008912373262544622
Experimento 4: Balanceado,4,104,0.9362547192722559,0.0011956949453340907
Experimento 4: Balanceado,4,105,0.9357807122170925,0.0009707784016874535
Experimento 4: Balanceado,4,106,0.9361371248960495,0.002224145984412486
Experimento 4: Balanceado,4,107,0.9366688184440136,0.0012365453260007957
Experimento 4: Balanceado,4,108,0.9375344075262546,0.001425947010813696
Experimento 4: Balanceado,4,109,0.9375713404268027,0.0017427752847906511
Experimento 4: Balanceado,4,110,0.9371397104114294,0.0014712846867063784
Experimento 4: Balanceado,4,111,0.9371397104114294,0.0013370938259379232
Experimento 4: Balanceado,4,112,0.936851267516613,0.003931429727496515
Experimento 4: Balanceado,4,113,0.9368292219936848,0.0023226615435181616
Experimento 4: Balanceado,4,114,0.9368798296898604,0.001689853615452228
Experimento 4: Balanceado,4,115,0.9375243782997131,0.0008985315027742478
Experimento 4: Balanceado,4,116,0.9371794696897269,0.0008474427076828277
Experimento 4: Balanceado,4,117,0.937091987207532,0.0010676370271124427
Experimento 4: Balanceado,4,118,0.9372695025056601,0.0010477602745218783
Experimento 4: Balanceado,4,119,0.9369540825486183,0.0009333689536116752
Experimento 4: Balanceado,4,120,0.9371961392462254,0.0006508680379823823
Experimento 4: Balanceado,4,121,0.9372342258691788,0.0008676299845135257
Experimento 4: Balanceado,4,122,0.9376391284167767,0.0014381707012123665
Experimento 4: Balanceado,4,123,0.9377262704074383,0.0011244197754907495
Experimento 4: Balanceado,4,124,0.9376702636480332,0.0011799289710121559
Experimento 4: Balanceado,4,125,0.9376911479979754,0.0009000841034369119
Experimento 4: Balanceado,4,126,0.938088895753026,0.0017532397596142976
Experimento 4: Balanceado,4,127,0.938088895753026,0.001316933081350748
Experimento 4: Balanceado,4,128,0.9381218131631612,0.001969865433749843
Experimento 4: Balanceado,4,129,0.9381926611065865,0.0012969751178261747
Experimento 4: Balanceado,4,130,0.9384598221629858,0.0011975416711192644
Experimento 4: Balanceado,4,131,0.9378390401601792,0.0009917581165847004
Experimento 4: Balanceado,4,132,0.9387219190597534,0.0021308739114936303
Experimento 4: Balanceado,4,133,0.9387051716446877,0.0010896270031647327
Experimento 4: Balanceado,4,134,0.9379057865589857,0.0025950388304691306
Experimento 4: Balanceado,4,135,0.9380555212497711,0.0009809642845308405
Experimento 4: Balanceado,4,136,0.9383508402854204,0.0011823160712487067
Experimento 4: Balanceado,4,137,0.9380522441118956,0.0008696491383430924
Experimento 4: Balanceado,4,138,0.9377949517220259,0.0010636144829041705
Experimento 4: Balanceado,4,139,0.9384671278297901,0.0011808994257282682
Experimento 4: Balanceado,4,140,0.9383885990828276,0.0015154094663900719
Experimento 4: Balanceado,4,141,0.9386408213526011,0.0013809091974216201
Experimento 4: Balanceado,4,142,0.9387160550802947,0.0011454129609272394
Experimento 4: Balanceado,4,143,0.9387204360216856,0.0012341388687069934
Experimento 4: Balanceado,4,144,0.9387753590941429,0.0009849036129769178
Experimento 4: Balanceado,4,145,0.9386850580573082,0.0010112324681052602
Experimento 4: Balanceado,4,146,0.9389958065003157,0.0015197845959780672
Experimento 4: Balanceado,4,147,0.9387026473879814,0.0010873173826913987
Experimento 4: Balanceado,4,148,0.9392219036817551,0.00109324474533747
Experimento 4: Balanceado,4,149,0.9397034961730242,0.0012431780822019724
Experimento 4: Balanceado,4,150,0.9397772997617722,0.0010269071305929755
Experimento 4: Balanceado,4,151,0.9396673832088709,0.0009483454154949353
Experimento 4: Balanceado,4,152,0.9392663065344096,0.0012038537943941997
Experimento 4: Balanceado,4,153,0.9393570348620415,0.0013202794841527183
Experimento 4: Balanceado,4,154,0.9397652059793472,0.0013432225063742483
Experimento 4: Balanceado,4,155,0.9397543560713529,0.0012680593298996694
Experimento 4: Balanceado,4,156,0.9403316106647253,0.00132095176109438
Experimento 4: Balanceado,4,157,0.9405960988253355,0.0008860131905168018
Experimento 4: Balanceado,4,158,0.9398848481476307,0.0009861820361962003
Experimento 4: Balanceado,4,159,0.9416358932852745,0.0018308080932878583
Experimento 4: Balanceado,4,160,0.9417169105261565,0.0012164266879898258
Experimento 4: Balanceado,4,161,0.9419603873044252,0.0013688049940170737
Experimento 4: Balanceado,4,162,0.9421280149370432,0.002245228636960793
Experimento 4: Balanceado,4,163,0.9420640930533409,0.0016386488940816181
Experimento 4: Balanceado,4,164,0.9418747242540121,0.0014513996724323818
Experimento 4: Balanceado,4,165,0.9421734873205423,0.0017160427001068229
Experimento 4: Balanceado,4,166,0.943047846108675,0.0012316208996954025
Experimento 4: Balanceado,4,167,0.9432527828961611,0.0010582717495084798
Experimento 4: Balanceado,4,168,0.9434633735567332,0.0013869542990580124
Experimento 4: Balanceado,4,169,0.9425967872142792,0.0010266127320533568
Experimento 4: Balanceado,4,170,0.9427664548158645,0.0012339377452057236
Experimento 4: Balanceado,4,171,0.9426450472325086,0.0010071123167291055
Experimento 4: Balanceado,4,172,0.9430867679417133,0.0022701286707508548
Experimento 4: Balanceado,4,173,0.9431271951645612,0.0013617043503378978
Experimento 4: Balanceado,4,174,0.9436981532722711,0.0014196384347787301
Experimento 4: Balanceado,4,175,0.9436981532722711,0.0011322218632248261
Experimento 4: Balanceado,4,176,0.9436979349702597,0.004629514664569685
Experimento 4: Balanceado,4,177,0.9437770809978246,0.001570382485606723
Experimento 4: Balanceado,4,178,0.9434801872819663,0.0027288569494866416
Experimento 4: Balanceado,4,179,0.9435682516545058,0.001262767797900498
Experimento 4: Balanceado,4,180,0.9441729586571455,0.0025113176404955506
Experimento 4: Balanceado,4,181,0.9441731669008732,0.0012817203597919513
Experimento 4: Balanceado,4,182,0.9441698603332043,0.0021347603355561986
Experimento 4: Balanceado,4,183,0.9442588139325381,0.002464756261336856
Experimento 4: Balanceado,4,184,0.9448569469153881,0.002122998008042692
Experimento 4: Balanceado,4,185,0.9447415567934513,0.0015229836059692475
Experimento 4: Balanceado,4,186,0.9445641309022903,0.0011802438028113604
Experimento 4: Balanceado,4,187,0.9444251395761967,0.003652214929131217
Experimento 4: Balanceado,4,188,0.9444166358560324,0.001959229238646006
Experimento 4: Balanceado,4,189,0.9441937986761332,0.002242314208554567
Experimento 4: Balanceado,4,190,0.9447421107441187,0.0032082725972320068
Experimento 4: Balanceado,4,191,0.9447421107441187,0.0012797863030378125
Experimento 4: Balanceado,4,192,0.9448576081544161,0.0016963170084826078
Experimento 4: Balanceado,4,193,0.9441218271851539,0.0013993365890164215
Experimento 4: Balanceado,4,194,0.9442958701401949,0.0012174849818967536
Experimento 4: Balanceado,4,195,0.9441115271300078,0.0017097618110774645
Experimento 4: Balanceado,4,196,0.944382707029581,0.0016129736197490936
Experimento 4: Balanceado,4,197,0.9441115271300078,0.0013572401253285737
Experimento 4: Balanceado,4,198,0.944006410241127,0.0015980365738812352
Experimento 4: Balanceado,4,199,0.9444095276296138,0.0014249796179331645
Experimento 4: Balanceado,4,200,0.9442715335637331,0.0015431605466358174
Experimento 4: Balanceado,4,201,0.9442768905311822,0.0017869631238519783
Experimento 4: Balanceado,4,202,0.9445454236119986,0.0011772993685824
Experimento 4: Balanceado,4,203,0.9444823279976845,0.0014683457985067672
Experimento 4: Balanceado,4,204,0.9445655923336744,0.00262072697257619
Experimento 4: Balanceado,4,205,0.9448388177901507,0.0017323075798624525
Experimento 4: Balanceado,4,206,0.9449499290436506,0.0018703306030759487
Experimento 4: Balanceado,4,207,0.9448056891560555,0.001963200102112934
Experimento 4: Balanceado,4,208,0.9444577641785145,0.001260154925065243
Experimento 4: Balanceado,4,209,0.944447610899806,0.0032870695587207737
Experimento 4: Balanceado,4,210,0.9447605516761541,0.0015456905897457784
Experimento 4: Balanceado,4,211,0.9445503380149602,0.0015581918021430963
Experimento 4: Balanceado,4,212,0.9446381483227014,0.0016022888009823732
Experimento 4: Balanceado,4,213,0.9449675619602204,0.001315473597389337
Experimento 4: Balanceado,4,214,0.9454015616327525,0.0016018425433755017
Experimento 4: Balanceado,4,215,0.9456572476774454,0.0013174478494554416
Experimento 4: Balanceado,4,216,0.9456964459270238,0.0012643487397673851
Experimento 4: Balanceado,4,217,0.945560272037983,0.0027691281298844153
Experimento 4: Balanceado,4,218,0.9462887603789568,0.0019160294698562345
Experimento 4: Balanceado,4,219,0.9463150732219219,0.0017920470736787688
Experimento 4: Balanceado,4,220,0.9469316240400076,0.001357003490307121
Experimento 4: Balanceado,4,221,0.946948766335845,0.0018747592205383468
Experimento 4: Balanceado,4,222,0.9465383157134056,0.001975426282115295
Experimento 4: Balanceado,4,223,0.9473274353891611,0.0049170919456507835
Experimento 4: Balanceado,4,224,0.9473266556859017,0.0014693124441038153
Experimento 4: Balanceado,4,225,0.9469510950148106,0.0016429666647842522
Experimento 4: Balanceado,4,226,0.9471855275332928,0.00359448381629785
Experimento 4: Balanceado,4,227,0.9472694654017687,0.0017432032427056572
Experimento 4: Balanceado,4,228,0.9473129630088806,0.0016331396370215024
Experimento 4: Balanceado,4,229,0.947523082792759,0.002390843674124277
Experimento 4: Balanceado,4,230,0.9475403241813183,0.004073974155848741
Experimento 4: Balanceado,4,231,0.9477294255048037,0.0022140899009877027
Experimento 4: Balanceado,4,232,0.9477062620222568,0.0030516608206591807
Experimento 4: Balanceado,4,233,0.9479462251067161,0.0014654091532562013
Experimento 4: Balanceado,4,234,0.947951190173626,0.0011922804441880984
Experimento 4: Balanceado,4,235,0.9478868406265974,0.00314677795607063
Experimento 4: Balanceado,4,236,0.9478934239596128,0.001882155258114261
Experimento 4: Balanceado,4,237,0.947828359529376,0.0015013089096493253
Experimento 4: Balanceado,4,238,0.9475591700524092,0.002047537853374454
Experimento 4: Balanceado,4,239,0.9478611629456282,0.0022814740874557197
Experimento 4: Balanceado,4,240,0.9476294439285994,0.0033063739148453007
Experimento 4: Balanceado,4,241,0.9476607013493776,0.001691948265725029
Experimento 4: Balanceado,4,242,0.9475755095481873,0.001732001203251105
Experimento 4: Balanceado,4,243,0.9471202045679092,0.0015007933621519498
Experimento 4: Balanceado,4,244,0.948217099159956,0.0012964979902247561
Experimento 4: Balanceado,4,245,0.9477839477360248,0.0016360085748370699
Experimento 4: Balanceado,4,246,0.947382178902626,0.001125565336985698
Experimento 4: Balanceado,4,247,0.9473681084811687,0.0014420042877315439
Experimento 4: Balanceado,4,248,0.9474841922521591,0.0015055638442123308
Experimento 4: Balanceado,4,249,0.9476464733481407,0.0015634812321197644
Experimento 4: Balanceado,4,250,0.9476319745182991,0.0018649878400021991
Experimento 4: Balanceado,4,251,0.9476056959480047,0.0017605141914976497
Experimento 4: Balanceado,4,252,0.947650208696723,0.0018764345050687559
Experimento 4: Balanceado,4,253,0.9478843998163938,0.0019304984076690675
Experimento 4: Balanceado,4,254,0.9478789314627647,0.004557789365053499
Experimento 4: Balanceado,4,255,0.9476689152419567,0.0019446663490191947
Experimento 4: Balanceado,4,256,0.9477477021515369,0.0026031068231142144
Experimento 4: Balanceado,4,257,0.9477825406938791,0.004016002231109929
Experimento 4: Balanceado,4,258,0.947754867374897,0.0015054916993351034
Experimento 4: Balanceado,4,259,0.9479349836707115,0.002052159619605098
Experimento 4: Balanceado,4,260,0.9477825406938791,0.0018449528262192876
Experimento 4: Balanceado,4,261,0.9475594270974398,0.0014257257970496477
Experimento 4: Balanceado,4,262,0.9472718209028244,0.003213200935340936
Experimento 4: Balanceado,4,263,0.9478090658783913,0.0013898566849920718
Experimento 4: Balanceado,4,264,0.9473621800541878,0.002368495994198589
Experimento 4: Balanceado,4,265,0.9479130409657955,0.003449736227515037
Experimento 4: Balanceado,4,266,0.9473692812025547,0.0027608843554695777
Experimento 4: Balanceado,4,267,0.9479820821434259,0.0022929652279075367
Experimento 4: Balanceado,4,268,0.9479820821434259,0.001729533172080831
Experimento 4: Balanceado,4,269,0.947963484749198,0.0019337602075850937
Experimento 4: Balanceado,4,270,0.9479809802025556,0.0016473514305383674
Experimento 4: Balanceado,4,271,0.9484171815216541,0.003397624184498778
Experimento 4: Balanceado,4,272,0.9485887330025434,0.002404686128905898
Experimento 4: Balanceado,4,273,0.9482760924845934,0.0016367059556316405
Experimento 4: Balanceado,4,274,0.9483190212398768,0.0015366233771284858
Experimento 4: Balanceado,4,275,0.948503790423274,0.0011138699139491843
Experimento 4: Balanceado,4,276,0.9485070161521435,0.0017271245319911096
Experimento 4: Balanceado,4,277,0.9486751601099968,0.0015067423952894274
Experimento 4: Balanceado,4,278,0.9485206145793199,0.002437898119267531
Experimento 4: Balanceado,4,279,0.9484274227172136,0.001449986615761206
Experimento 4: Balanceado,4,280,0.9484423208981753,0.003981634130064702
Experimento 4: Balanceado,4,281,0.9486763559281826,0.001169325496601569
Experimento 4: Balanceado,4,282,0.9493839979171753,0.0031792044806282903
Experimento 4: Balanceado,4,283,0.9492257747799158,0.001209451611766832
Experimento 4: Balanceado,4,284,0.9486749634146691,0.0012777074953874196
Experimento 4: Balanceado,4,285,0.9487333860248327,0.001395462373958862
Experimento 4: Balanceado,4,286,0.948909429833293,0.0011072978140063917
Experimento 4: Balanceado,4,287,0.948893404379487,0.0015948427662648753
Experimento 4: Balanceado,4,288,0.9494291208684444,0.004801486198905335
Experimento 4: Balanceado,4,289,0.9487485125660896,0.001503985098488437
Experimento 4: Balanceado,4,290,0.9489492051303386,0.0015211538367303145
Experimento 4: Balanceado,4,291,0.9491020563989878,0.0018360101009909425
Experimento 4: Balanceado,4,292,0.9488382317125797,0.001046448853264278
Experimento 4: Balanceado,4,293,0.9490313988178969,0.0014351783847582624
Experimento 4: Balanceado,4,294,0.9488142553716898,0.0014842320443676192
Experimento 4: Balanceado,4,295,0.94866062104702,0.001900234483852592
Experimento 4: Balanceado,4,296,0.94866062104702,0.003668429877257734
Experimento 4: Balanceado,4,297,0.9487831793725491,0.0018281154566321262
Experimento 4: Balanceado,4,298,0.9490396764129401,0.001152443530510144
Experimento 4: Balanceado,4,299,0.9490396764129401,0.0014682326099105469
Experimento 4: Balanceado,4,300,0.9488190110772848,0.0013772980836820028
Experimento 4: Balanceado,4,301,0.9490363292396069,0.0026160538869087814
Experimento 4: Balanceado,4,302,0.9488522998988629,0.002446788874706362
Experimento 4: Balanceado,4,303,0.9488714508712291,0.0026480566130665946
Experimento 4: Balanceado,4,304,0.9488714508712291,0.0011996837182490635
Experimento 4: Balanceado,4,305,0.9490474369376898,0.0020100861712462822
Experimento 4: Balanceado,4,306,0.9495555005967617,0.0011996797983164589
Experimento 4: Balanceado,4,307,0.9494761176407337,0.0013737900936546374
Experimento 4: Balanceado,4,308,0.9490964636206627,0.005020485722676499
Experimento 4: Balanceado,4,309,0.9492398839443922,0.0016308660252101806
Experimento 4: Balanceado,4,310,0.949682255089283,0.0016199782017750275
Experimento 4: Balanceado,4,311,0.9495747867971659,0.0014650797041931005
Experimento 4: Balanceado,4,312,0.9493439473211766,0.0012173113314840633
Experimento 4: Balanceado,4,313,0.9492147505283356,0.0020944590021133008
Experimento 4: Balanceado,4,314,0.9491560500115156,0.0017773862787091453
Experimento 4: Balanceado,4,315,0.9500845067203045,0.0011439684969477718
Experimento 4: Balanceado,5,0,0.8960425965487957,0.013594554834146743
Experimento 4: Balanceado,5,1,0.8965062595903873,0.009812758726534459
Experimento 4: Balanceado,5,2,0.8967608004808426,0.008272995888557766
Experimento 4: Balanceado,5,3,0.8972593143582344,0.00785915225278266
Experimento 4: Balanceado,5,4,0.8989225253462791,0.005005713044107465
Experimento 4: Balanceado,5,5,0.9071105740964412,0.0026016359264961313
Experimento 4: Balanceado,5,6,0.9071105740964412,0.0029723095371122503
Experimento 4: Balanceado,5,7,0.9069737277925014,0.0036669564703449295
Experimento 4: Balanceado,5,8,0.9074926763772965,0.0037914091196148626
Experimento 4: Balanceado,5,9,0.9079349808394909,0.003445995072101799
Experimento 4: Balanceado,5,10,0.909911397844553,0.0033462093574009874
Experimento 4: Balanceado,5,11,0.9126409851014614,0.0027284350269795358
Experimento 4: Balanceado,5,12,0.9130851201713085,0.004241694040548051
Experimento 4: Balanceado,5,13,0.9140504412353039,0.0025801602392774023
Experimento 4: Balanceado,5,14,0.9145029820501804,0.002779938543574477
Experimento 4: Balanceado,5,15,0.915095079690218,0.0025962316345314305
Experimento 4: Balanceado,5,16,0.9160868696868419,0.0023168650693913594
Experimento 4: Balanceado,5,17,0.9160868696868419,0.002112452063081314
Experimento 4: Balanceado,5,18,0.9166916228830815,0.0014094347430107193
Experimento 4: Balanceado,5,19,0.9171648629009723,0.0010464865537745678
Experimento 4: Balanceado,5,20,0.9172409988939763,0.0021495459930781923
Experimento 4: Balanceado,5,21,0.9175053484737873,0.0011390233966967474
Experimento 4: Balanceado,5,22,0.9183226846158504,0.0011409726889502784
Experimento 4: Balanceado,5,23,0.9179583325982094,0.003143612195731084
Experimento 4: Balanceado,5,24,0.9185582742094993,0.0011083483243317085
Experimento 4: Balanceado,5,25,0.9188658244907856,0.0018883754186379347
Experimento 4: Balanceado,5,26,0.9198174886405468,0.001162455428933518
Experimento 4: Balanceado,5,27,0.9202432781457901,0.0032602901884180744
Experimento 4: Balanceado,5,28,0.9203304156661034,0.00111694406516065
Experimento 4: Balanceado,5,29,0.920471103489399,0.0008642971264954396
Experimento 4: Balanceado,5,30,0.920769702643156,0.001119705156238622
Experimento 4: Balanceado,5,31,0.9225891929119825,0.001306317340119289
Experimento 4: Balanceado,5,32,0.922772492095828,0.0017887415403621794
Experimento 4: Balanceado,5,33,0.9248802281916142,0.001394272793069243
Experimento 4: Balanceado,5,34,0.9248842265456915,0.0024261932775245104
Experimento 4: Balanceado,5,35,0.9263801541179418,0.0017940758708007633
Experimento 4: Balanceado,5,36,0.927060155197978,0.0025353419235867565
Experimento 4: Balanceado,5,37,0.9266696806997061,0.0019063217342803495
Experimento 4: Balanceado,5,38,0.9271399855613709,0.0017817721008442616
Experimento 4: Balanceado,5,39,0.9272018849849701,0.002252802185762557
Experimento 4: Balanceado,5,40,0.9272018849849701,0.0013659114891918368
Experimento 4: Balanceado,5,41,0.9269704129546881,0.0010239304923573974
Experimento 4: Balanceado,5,42,0.9274893086403608,0.00120800711365834
Experimento 4: Balanceado,5,43,0.9275821361690759,0.0013819903550711735
Experimento 4: Balanceado,5,44,0.9283620189875365,0.0018326142062413218
Experimento 4: Balanceado,5,45,0.9277558598667384,0.001179501210733906
Experimento 4: Balanceado,5,46,0.9284082453697919,0.0015493860810245586
Experimento 4: Balanceado,5,47,0.9289527412503957,0.0029037908532039327
Experimento 4: Balanceado,5,48,0.9289871282875538,0.0048867491279954425
Experimento 4: Balanceado,5,49,0.9296887177973986,0.0016152840557332672
Experimento 4: Balanceado,5,50,0.9302389807999134,0.0018770204468193552
Experimento 4: Balanceado,5,51,0.9309773780405521,0.001657763902441228
Experimento 4: Balanceado,5,52,0.9308607798069716,0.0019281995000841883
Experimento 4: Balanceado,5,53,0.9312915123999119,0.0014766038722461368
Experimento 4: Balanceado,5,54,0.9310663312673568,0.0014154084670118668
Experimento 4: Balanceado,5,55,0.9308844193816185,0.0013476378486640972
Experimento 4: Balanceado,5,56,0.9318209484219551,0.001246292877190584
Experimento 4: Balanceado,5,57,0.9319594707340002,0.0013993620412042099
Experimento 4: Balanceado,5,58,0.932518046349287,0.0013175656970514876
Experimento 4: Balanceado,5,59,0.932518046349287,0.002802174062124186
Experimento 4: Balanceado,5,60,0.932278897985816,0.0014213116417011301
Experimento 4: Balanceado,5,61,0.9325300127267837,0.0012946509901450634
Experimento 4: Balanceado,5,62,0.9326147641986609,0.00138211225848597
Experimento 4: Balanceado,5,63,0.9333299469202757,0.0018165244269552523
Experimento 4: Balanceado,5,64,0.9334512244910002,0.0015417035953173928
Experimento 4: Balanceado,5,65,0.9334888733923435,0.0017959808696358024
Experimento 4: Balanceado,5,66,0.9334161181002856,0.002097999557469567
Experimento 4: Balanceado,5,67,0.932998812943697,0.0014196135811401207
Experimento 4: Balanceado,5,68,0.9334165789186954,0.00154439798834261
Experimento 4: Balanceado,5,69,0.9335865959525108,0.0011679774828119967
Experimento 4: Balanceado,5,70,0.9335745867341757,0.0012350372135988736
Experimento 4: Balanceado,5,71,0.9336808856576682,0.004220339147086841
Experimento 4: Balanceado,5,72,0.9338696088641882,0.0008744589156420409
Experimento 4: Balanceado,5,73,0.9343259334564209,0.0012824258463322287
Experimento 4: Balanceado,5,74,0.9344314094632864,0.0016168306269562698
Experimento 4: Balanceado,5,75,0.9346552483737469,0.0020115996254099432
Experimento 4: Balanceado,5,76,0.9348542142659426,0.001962331078440676
Experimento 4: Balanceado,5,77,0.9348772034049034,0.0008645196966139429
Experimento 4: Balanceado,5,78,0.9362181518226862,0.002164074361045782
Experimento 4: Balanceado,5,79,0.9361879404634237,0.0010325066351342363
Experimento 4: Balanceado,5,80,0.9365763705223799,0.0025565690935720965
Experimento 4: Balanceado,5,81,0.9360058598220349,0.0011110398286794058
Experimento 4: Balanceado,5,82,0.9364354085177183,0.0013228201142318193
Experimento 4: Balanceado,5,83,0.9368915665894747,0.0034526434345256885
Experimento 4: Balanceado,5,84,0.9372065633535385,0.0014346437422436706
Experimento 4: Balanceado,5,85,0.9372065633535385,0.0008750972446435371
Experimento 4: Balanceado,5,86,0.9379167336970567,0.0011417731054977189
Experimento 4: Balanceado,5,87,0.9384600341320037,0.0012689693361078252
Experimento 4: Balanceado,5,88,0.93776301369071,0.0033897360657540528
Experimento 4: Balanceado,5,89,0.9379315495491027,0.0011467022755419214
Experimento 4: Balanceado,5,90,0.9383234664797783,0.0033004365325856088
Experimento 4: Balanceado,5,91,0.9380512095987796,0.0012773650655189784
Experimento 4: Balanceado,5,92,0.9385787922888994,0.0010831669910528557
Experimento 4: Balanceado,5,93,0.9385344430804252,0.001030950681582311
Experimento 4: Balanceado,5,94,0.9385570213198662,0.001591143481309938
Experimento 4: Balanceado,5,95,0.9385303810238839,0.0024186188085911276
Experimento 4: Balanceado,5,96,0.9385303810238839,0.002124727166486605
Experimento 4: Balanceado,5,97,0.938621561229229,0.0013641563649525769
Experimento 4: Balanceado,5,98,0.9399041723459959,0.0017866443177431846
Experimento 4: Balanceado,5,99,0.9394922319799661,0.0016511922625333365
Experimento 4: Balanceado,5,100,0.9392127364873886,0.001163623335053908
Experimento 4: Balanceado,5,101,0.939850290492177,0.0014430011426997166
Experimento 4: Balanceado,5,102,0.9401960369199515,0.0013392844830434987
Experimento 4: Balanceado,5,103,0.9405112940818071,0.001078602883816184
Experimento 4: Balanceado,5,104,0.9405743192881346,0.0010334108680672318
Experimento 4: Balanceado,5,105,0.9406117655336856,0.001619256226151294
Experimento 4: Balanceado,5,106,0.9405533947050572,0.0018877903406430486
Experimento 4: Balanceado,5,107,0.940551957860589,0.001437835726512579
Experimento 4: Balanceado,5,108,0.9407691080123186,0.002273803191643745
Experimento 4: Balanceado,5,109,0.9407274585217238,0.0009078698296458546
Experimento 4: Balanceado,5,110,0.940985358133912,0.001556187357865601
Experimento 4: Balanceado,5,111,0.9412145927548409,0.001948141067169822
Experimento 4: Balanceado,5,112,0.9413628537207842,0.0010918701638488403
Experimento 4: Balanceado,5,113,0.9413628537207842,0.0013088313383670606
Experimento 4: Balanceado,5,114,0.9413628537207842,0.001785842202653781
Experimento 4: Balanceado,5,115,0.9411151293665171,0.0010433692303359493
Experimento 4: Balanceado,5,116,0.9413628537207842,0.004714469009076426
Experimento 4: Balanceado,5,117,0.9415103759616613,0.0023568979484537345
Experimento 4: Balanceado,5,118,0.9417800590395927,0.0015526627180156047
Experimento 4: Balanceado,5,119,0.9425487287342549,0.0015262607754829688
Experimento 4: Balanceado,5,120,0.9413542937487364,0.0019348142275139911
Experimento 4: Balanceado,5,121,0.9422032762318849,0.001623923699298643
Experimento 4: Balanceado,5,122,0.9422686286270618,0.001000518050808127
Experimento 4: Balanceado,5,123,0.9435784712433815,0.0012795662686090545
Experimento 4: Balanceado,5,124,0.9435784712433815,0.0014756227427010571
Experimento 4: Balanceado,5,125,0.9435849487781525,0.003161210718296365
Experimento 4: Balanceado,5,126,0.9438782900571823,0.0016306710609865314
Experimento 4: Balanceado,5,127,0.9439852941781283,0.003484290197400946
Experimento 4: Balanceado,5,128,0.9440724670886993,0.0009745300618828276
Experimento 4: Balanceado,5,129,0.9439215645194053,0.0009209553402055934
Experimento 4: Balanceado,5,130,0.9442237701267004,0.0014652728101591113
Experimento 4: Balanceado,5,131,0.9448636278510094,0.0017862881855631946
Experimento 4: Balanceado,5,132,0.9451184801757335,0.0020063517107319377
Experimento 4: Balanceado,5,133,0.9448225226253271,0.0030035099070189566
Experimento 4: Balanceado,5,134,0.944792166724801,0.0012563994565228998
Experimento 4: Balanceado,5,135,0.9448476064950228,0.0030195410693542673
Experimento 4: Balanceado,5,136,0.9448807172477245,0.0013170482896804041
Experimento 4: Balanceado,5,137,0.9452874340116978,0.00203702912271297
Experimento 4: Balanceado,5,138,0.9452874340116978,0.001156052467322149
Experimento 4: Balanceado,5,139,0.9454821288585663,0.001199325176007067
Experimento 4: Balanceado,5,140,0.9454696200788021,0.001298052806587677
Experimento 4: Balanceado,5,141,0.9454920016229152,0.002068371469485771
Experimento 4: Balanceado,5,142,0.9454920016229152,0.0014446398146938
Experimento 4: Balanceado,5,143,0.9452987633645534,0.002314769895425138
Experimento 4: Balanceado,5,144,0.9455214239656925,0.004785571657598854
Experimento 4: Balanceado,5,145,0.9456438675522805,0.0014413457287830525
Experimento 4: Balanceado,5,146,0.9457460947334766,0.001283565111446948
Experimento 4: Balanceado,5,147,0.9457753524184227,0.0011221419859561155
Experimento 4: Balanceado,5,148,0.9461818464100361,0.0010853825166185283
Experimento 4: Balanceado,5,149,0.9456973567605018,0.003985874399218444
Experimento 4: Balanceado,5,150,0.945797861367464,0.002308796984969835
Experimento 4: Balanceado,5,151,0.9457714401185513,0.0012240419128398347
Experimento 4: Balanceado,5,152,0.9460089828819036,0.0010150094852572535
Experimento 4: Balanceado,5,153,0.9460147976875305,0.0017289739347452595
Experimento 4: Balanceado,5,154,0.946388554573059,0.0007240362749993803
Experimento 4: Balanceado,5,155,0.9462505582720041,0.0010133753549940248
Experimento 4: Balanceado,5,156,0.9466723758727312,0.0023214157397347212
Experimento 4: Balanceado,5,157,0.9466068707406521,0.0013521689389168763
Experimento 4: Balanceado,5,158,0.9466068707406521,0.0015472980198324474
Experimento 4: Balanceado,5,159,0.9466068707406521,0.0014079087077117191
Experimento 4: Balanceado,5,160,0.9466068707406521,0.0014416331491095022
Experimento 4: Balanceado,5,161,0.9468163084238768,0.001586782370604609
Experimento 4: Balanceado,5,162,0.9472136594355106,0.002681928963267718
Experimento 4: Balanceado,5,163,0.9472133796662092,0.002019087265353441
Experimento 4: Balanceado,5,164,0.9472787160426378,0.0024755260049675533
Experimento 4: Balanceado,5,165,0.9473004315048457,0.0015576772145334664
Experimento 4: Balanceado,5,166,0.9475352719426156,0.0012629950661540163
Experimento 4: Balanceado,5,167,0.9475364506244659,0.0012008687993448981
Experimento 4: Balanceado,5,168,0.947547971457243,0.0017891804345066481
Experimento 4: Balanceado,5,169,0.9474150724709034,0.005120772594750129
Experimento 4: Balanceado,5,170,0.9474150724709034,0.001256519954770196
Experimento 4: Balanceado,5,171,0.9475697550922633,0.0009878595293814339
Experimento 4: Balanceado,5,172,0.9476779520511627,0.0013012760885390685
Experimento 4: Balanceado,5,173,0.9476780667901039,0.0012217119555508553
Experimento 4: Balanceado,5,174,0.9477785632014275,0.0014496403140664145
Experimento 4: Balanceado,5,175,0.9475136626511812,0.003219465840292036
Experimento 4: Balanceado,5,176,0.9482540935277939,0.0013994499563130555
Experimento 4: Balanceado,5,177,0.9482540935277939,0.0015322718194530711
Experimento 4: Balanceado,5,178,0.9475645586848259,0.001232072100726921
Experimento 4: Balanceado,5,179,0.9474806006997823,0.001508822532273158
Experimento 4: Balanceado,5,180,0.9478337656706571,0.0010274976539497967
Experimento 4: Balanceado,5,181,0.9471378501504659,0.001162727761583271
Experimento 4: Balanceado,5,182,0.9471017278730869,0.0034834559653428446
Experimento 4: Balanceado,5,183,0.947568392753601,0.006432184365424682
Experimento 4: Balanceado,5,184,0.947568392753601,0.0020707522923274955
Experimento 4: Balanceado,5,185,0.9477782420814037,0.001122727641615811
Experimento 4: Balanceado,5,186,0.9473029810935258,0.0009188126695023213
Experimento 4: Balanceado,5,187,0.9473029810935258,0.004282881804245991
Experimento 4: Balanceado,5,188,0.9481318753212691,0.0017187287592927724
Experimento 4: Balanceado,5,189,0.9482756409794092,0.0013380201574496478
Experimento 4: Balanceado,5,190,0.9482662782073021,0.001897356251941604
Experimento 4: Balanceado,5,191,0.948161419853568,0.0016054417867195434
Experimento 4: Balanceado,5,192,0.9480867452919484,0.0032119357598878176
Experimento 4: Balanceado,5,193,0.9482476942241191,0.002096129369670615
Experimento 4: Balanceado,5,194,0.9490910854190588,0.0010896772610478043
Experimento 4: Balanceado,5,195,0.9490910854190588,0.0014642093810009295
Experimento 4: Balanceado,5,196,0.9495349664241075,0.0011151986396221397
Experimento 4: Balanceado,5,197,0.9501633998006582,0.0013093506946322251
